PASS_ID,PASS_LNAME,PASS_FNAME,PASS_EMAIL,PASS_PHONE
101.0,Stanley,Preston,PSTANLEY,4379.0
102.0,Morrison,Byron,BMORRISON,5244.0
103.0,Good,Israel,IGOOD,2682.0
104.0,LN4,FN4,FLN4,8477.0
105.0,LN5,FN5,FLN5,8401.0
106.0,LN6,FN6,FLN6,8077.0
107.0,LN7,FN7,FLN7,6752.0
108.0,LN8,FN8,FLN8,3052.0
109.0,LN9,FN9,FLN9,1081.0
110.0,LN10,FN10,FLN10,1907.0
111.0,LN11,FN11,FLN11,1876.0
112.0,LN12,FN12,FLN12,4413.0
113.0,LN13,FN13,FLN13,3880.0
114.0,LN14,FN14,FLN14,3954.0
115.0,LN15,FN15,FLN15,3964.0
116.0,LN16,FN16,FLN16,3075.0
117.0,LN17,FN17,FLN17,7518.0
118.0,LN18,FN18,FLN18,7764.0
119.0,LN19,FN19,FLN19,9912.0
120.0,LN20,FN20,FLN20,3890.0
121.0,LN21,FN21,FLN21,9934.0
122.0,LN22,FN22,FLN22,7294.0
123.0,LN23,FN23,FLN23,2932.0
124.0,LN24,FN24,FLN24,3701.0
125.0,LN25,FN25,FLN25,1257.0
126.0,LN26,FN26,FLN26,9948.0
127.0,LN27,FN27,FLN27,9092.0
128.0,LN28,FN28,FLN28,7295.0
129.0,LN29,FN29,FLN29,1925.0
130.0,LN30,FN30,FLN30,6145.0
131.0,LN31,FN31,FLN31,6512.0
132.0,LN32,FN32,FLN32,7986.0
133.0,LN33,FN33,FLN33,5622.0
134.0,LN34,FN34,FLN34,1703.0
135.0,LN35,FN35,FLN35,5071.0
136.0,LN36,FN36,FLN36,2101.0
137.0,LN37,FN37,FLN37,2457.0
138.0,LN38,FN38,FLN38,2017.0
139.0,LN39,FN39,FLN39,3060.0
140.0,LN40,FN40,FLN40,1991.0
141.0,LN41,FN41,FLN41,4076.0
142.0,LN42,FN42,FLN42,3333.0
143.0,LN43,FN43,FLN43,2965.0
144.0,LN44,FN44,FLN44,3107.0
145.0,LN45,FN45,FLN45,1695.0
146.0,LN46,FN46,FLN46,2138.0
147.0,LN47,FN47,FLN47,6926.0
148.0,LN48,FN48,FLN48,3779.0
149.0,LN49,FN49,FLN49,7492.0
150.0,LN50,FN50,FLN50,2801.0
151.0,LN51,FN51,FLN51,1958.0
152.0,LN52,FN52,FLN52,7056.0
153.0,LN53,FN53,FLN53,2992.0
154.0,LN54,FN54,FLN54,5497.0
155.0,LN55,FN55,FLN55,4402.0
156.0,LN56,FN56,FLN56,4404.0
157.0,LN57,FN57,FLN57,7371.0
158.0,LN58,FN58,FLN58,8074.0
159.0,LN59,FN59,FLN59,1947.0
160.0,LN60,FN60,FLN60,9391.0
161.0,LN61,FN61,FLN61,6094.0
162.0,LN62,FN62,FLN62,2428.0
163.0,LN63,FN63,FLN63,1518.0
164.0,LN64,FN64,FLN64,2202.0
165.0,LN65,FN65,FLN65,8645.0
166.0,LN66,FN66,FLN66,5534.0
167.0,LN67,FN67,FLN67,5567.0
168.0,LN68,FN68,FLN68,5735.0
169.0,LN69,FN69,FLN69,2498.0
170.0,LN70,FN70,FLN70,9637.0
171.0,LN71,FN71,FLN71,5535.0
172.0,LN72,FN72,FLN72,8879.0
173.0,LN73,FN73,FLN73,4279.0
174.0,LN74,FN74,FLN74,4416.0
175.0,LN75,FN75,FLN75,5237.0
176.0,LN76,FN76,FLN76,1437.0
177.0,LN77,FN77,FLN77,9516.0
178.0,LN78,FN78,FLN78,1643.0
179.0,LN79,FN79,FLN79,3346.0
180.0,LN80,FN80,FLN80,9184.0
181.0,LN81,FN81,FLN81,2292.0
182.0,LN82,FN82,FLN82,9695.0
183.0,LN83,FN83,FLN83,2598.0
184.0,LN84,FN84,FLN84,2870.0
185.0,LN85,FN85,FLN85,9420.0
186.0,LN86,FN86,FLN86,7756.0
187.0,LN87,FN87,FLN87,6784.0
188.0,LN88,FN88,FLN88,8503.0
189.0,LN89,FN89,FLN89,8915.0
190.0,LN90,FN90,FLN90,9085.0
191.0,LN91,FN91,FLN91,6769.0
192.0,LN92,FN92,FLN92,4201.0
193.0,LN93,FN93,FLN93,1220.0
194.0,LN94,FN94,FLN94,3420.0
195.0,LN95,FN95,FLN95,5480.0
196.0,LN96,FN96,FLN96,9696.0
197.0,LN97,FN97,FLN97,9703.0
198.0,LN98,FN98,FLN98,9801.0
199.0,LN99,FN99,FLN99,9913.0
200.0,LN100,FN100,FLN100,1078.0
201.0,LN101,FN101,FLN101,1016.0
202.0,LN102,FN102,FLN102,1026.0
,,,,
